Timestamp,Source_IP,Destination_IP,Attack_Type,Packet_Size
2024-10-18 16:28:44,4.251.110.94,192.168.1.34,ICMP-PoD PACKET,1472
2024-10-18 16:28:44,216.49.47.157,192.168.1.34,ICMP-PoD PACKET,1472
2024-10-18 16:28:44,13.32.23.201,192.168.1.34,ICMP-PoD PACKET,1472
2024-10-18 16:28:44,207.45.24.177,192.168.1.34,ICMP-PoD PACKET,1472
2024-10-18 16:28:44,133.249.146.43,192.168.1.34,ICMP-PoD PACKET,1472
2024-10-18 16:28:44,181.161.180.57,192.168.1.34,ICMP-PoD PACKET,1472
2024-10-18 16:28:44,175.195.11.38,192.168.1.34,ICMP-PoD PACKET,1472
2024-10-18 16:28:44,144.135.224.60,192.168.1.34,ICMP-PoD PACKET,1472
2024-10-18 16:28:44,125.91.30.213,192.168.1.34,ICMP-PoD PACKET,1472
2024-10-18 16:28:44,214.121.222.253,192.168.1.34,ICMP-PoD PACKET,1472
2024-10-18 16:28:44,36.201.35.163,192.168.1.34,ICMP-PoD PACKET,1472
2024-10-18 16:28:44,2.220.115.172,192.168.1.34,ICMP-PoD PACKET,1472
2024-10-18 16:28:45,231.174.82.246,192.168.1.34,ICMP-PoD PACKET,1472
2024-10-18 16:28:45,58.30.2.59,192.168.1.34,ICMP-PoD PACKET,1472
2024-10-18 16:28:45,55.56.217.196,192.168.1.34,ICMP-PoD PACKET,1472
2024-10-18 16:28:45,188.248.128.114,192.168.1.34,ICMP-PoD PACKET,1472
2024-10-18 16:28:45,177.75.219.211,192.168.1.34,ICMP-PoD PACKET,1472
2024-10-18 16:28:45,227.78.33.228,192.168.1.34,ICMP-PoD PACKET,1472
2024-10-18 16:28:45,187.30.140.187,192.168.1.34,ICMP-PoD PACKET,1472
2024-10-18 16:28:45,23.228.14.222,192.168.1.34,ICMP-PoD PACKET,1472
2024-10-18 16:28:45,190.183.111.200,192.168.1.34,ICMP-PoD PACKET,1472
2024-10-18 16:28:45,198.137.176.4,192.168.1.34,ICMP-PoD PACKET,1472
2024-10-18 16:28:45,97.151.182.150,192.168.1.34,ICMP-PoD PACKET,1472
2024-10-18 16:28:45,165.170.162.213,192.168.1.34,ICMP-PoD PACKET,1472
2024-10-18 16:28:45,78.118.197.44,192.168.1.34,ICMP-PoD PACKET,1472
2024-10-18 16:28:46,111.248.60.48,192.168.1.34,ICMP-PoD PACKET,1472
2024-10-18 16:28:46,253.205.235.132,192.168.1.34,ICMP-PoD PACKET,1472
2024-10-18 16:28:46,153.184.16.121,192.168.1.34,ICMP-PoD PACKET,1472
2024-10-18 16:28:46,91.150.24.246,192.168.1.34,ICMP-PoD PACKET,1472
2024-10-18 16:28:46,233.221.165.134,192.168.1.34,ICMP-PoD PACKET,1472
2024-10-18 16:28:46,158.10.112.139,192.168.1.34,ICMP-PoD PACKET,1472
2024-10-18 16:28:46,133.141.254.99,192.168.1.34,ICMP-PoD PACKET,1472
2024-10-18 16:28:46,151.15.113.116,192.168.1.34,ICMP-PoD PACKET,1472
2024-10-18 16:28:46,17.102.4.195,192.168.1.34,ICMP-PoD PACKET,1472
2024-10-18 16:28:46,245.50.136.251,192.168.1.34,ICMP-PoD PACKET,1472
2024-10-18 16:28:46,27.121.37.44,192.168.1.34,ICMP-PoD PACKET,1472
2024-10-18 16:28:46,44.83.182.245,192.168.1.34,ICMP-PoD PACKET,1472
2024-10-18 16:28:47,156.246.66.19,192.168.1.34,ICMP-PoD PACKET,1472
2024-10-18 16:28:47,189.249.217.193,192.168.1.34,ICMP-PoD PACKET,1472
2024-10-18 16:28:47,134.193.245.145,192.168.1.34,ICMP-PoD PACKET,1472
2024-10-18 16:28:47,247.145.43.245,192.168.1.34,ICMP-PoD PACKET,1472
2024-10-18 16:28:47,28.58.92.134,192.168.1.34,ICMP-PoD PACKET,1472
2024-10-18 16:28:47,193.209.115.12,192.168.1.34,ICMP-PoD PACKET,1472
2024-10-18 16:28:47,170.210.121.221,192.168.1.34,ICMP-PoD PACKET,1472
2024-10-18 16:28:47,175.186.176.90,192.168.1.34,ICMP-PoD PACKET,1472
2024-10-18 16:28:47,177.51.14.174,192.168.1.34,ICMP-PoD PACKET,1472
2024-10-18 16:28:47,32.40.199.89,192.168.1.34,ICMP-PoD PACKET,1472
2024-10-18 16:28:47,151.199.195.113,192.168.1.34,ICMP-PoD PACKET,1472
2024-10-18 16:28:47,204.150.201.196,192.168.1.34,ICMP-PoD PACKET,1472
2024-10-18 16:28:47,246.19.186.90,192.168.1.34,ICMP-PoD PACKET,1472
2024-10-18 16:28:48,154.179.88.221,192.168.1.34,ICMP-PoD PACKET,1472
2024-10-18 16:28:48,24.180.26.244,192.168.1.34,ICMP-PoD PACKET,1472
2024-10-18 16:28:48,114.104.223.86,192.168.1.34,ICMP-PoD PACKET,1472
2024-10-18 16:28:48,124.112.107.200,192.168.1.34,ICMP-PoD PACKET,1472
2024-10-18 16:28:48,231.243.63.213,192.168.1.34,ICMP-PoD PACKET,1472
2024-10-18 16:28:48,102.99.27.49,192.168.1.34,ICMP-PoD PACKET,1472
2024-10-18 16:28:48,160.26.6.107,192.168.1.34,ICMP-PoD PACKET,1472
2024-10-18 16:28:48,73.54.116.193,192.168.1.34,ICMP-PoD PACKET,1472
2024-10-18 16:28:48,93.16.58.106,192.168.1.34,ICMP-PoD PACKET,1472
2024-10-18 16:28:48,47.62.247.140,192.168.1.34,ICMP-PoD PACKET,1472
2024-10-18 16:28:48,122.85.250.188,192.168.1.34,ICMP-PoD PACKET,1472
2024-10-18 16:28:48,179.219.222.121,192.168.1.34,ICMP-PoD PACKET,1472
2024-10-18 16:28:49,205.6.65.5,192.168.1.34,ICMP-PoD PACKET,1472
2024-10-18 16:28:49,181.200.57.154,192.168.1.34,ICMP-PoD PACKET,1472
2024-10-18 16:28:49,191.167.135.155,192.168.1.34,ICMP-PoD PACKET,1472
2024-10-18 16:28:49,243.18.107.73,192.168.1.34,ICMP-PoD PACKET,1472
2024-10-18 16:28:49,209.194.44.44,192.168.1.34,ICMP-PoD PACKET,1472
2024-10-18 16:28:49,53.12.162.13,192.168.1.34,ICMP-PoD PACKET,1472
2024-10-18 16:28:49,127.100.28.122,192.168.1.34,ICMP-PoD PACKET,1472
2024-10-18 16:28:49,51.163.219.204,192.168.1.34,ICMP-PoD PACKET,1472
2024-10-18 16:28:49,36.73.210.143,192.168.1.34,ICMP-PoD PACKET,1472
2024-10-18 16:28:49,73.95.186.173,192.168.1.34,ICMP-PoD PACKET,1472
2024-10-18 16:28:49,128.28.80.45,192.168.1.34,ICMP-PoD PACKET,1472
2024-10-18 16:28:49,107.61.142.184,192.168.1.34,ICMP-PoD PACKET,1472
2024-10-18 16:28:49,185.101.90.32,192.168.1.34,ICMP-PoD PACKET,1472
2024-10-18 16:28:49,137.253.64.50,192.168.1.34,ICMP-PoD PACKET,1472
2024-10-18 16:28:50,16.109.138.65,192.168.1.34,ICMP-PoD PACKET,1472
2024-10-18 16:28:50,100.231.250.186,192.168.1.34,ICMP-PoD PACKET,1472
2024-10-18 16:28:50,190.24.122.54,192.168.1.34,ICMP-PoD PACKET,1472
2024-10-18 16:28:50,49.233.121.125,192.168.1.34,ICMP-PoD PACKET,1472
2024-10-18 16:28:50,242.30.244.244,192.168.1.34,ICMP-PoD PACKET,1472
2024-10-18 16:28:50,157.217.180.82,192.168.1.34,ICMP-PoD PACKET,1472
2024-10-18 16:28:50,176.16.160.235,192.168.1.34,ICMP-PoD PACKET,1472
2024-10-18 16:28:50,104.171.7.144,192.168.1.34,ICMP-PoD PACKET,1472
2024-10-18 16:28:50,67.70.232.61,192.168.1.34,ICMP-PoD PACKET,1472
2024-10-18 16:28:50,190.139.143.123,192.168.1.34,ICMP-PoD PACKET,1472
2024-10-18 16:28:50,129.163.86.204,192.168.1.34,ICMP-PoD PACKET,1472
2024-10-18 16:28:51,138.150.24.145,192.168.1.34,ICMP-PoD PACKET,1472
2024-10-18 16:28:51,67.212.8.79,192.168.1.34,ICMP-PoD PACKET,1472
2024-10-18 16:28:51,100.114.61.58,192.168.1.34,ICMP-PoD PACKET,1472
2024-10-18 16:28:51,231.85.53.198,192.168.1.34,ICMP-PoD PACKET,1472
2024-10-18 16:28:51,250.239.19.114,192.168.1.34,ICMP-PoD PACKET,1472
2024-10-18 16:28:51,176.109.226.25,192.168.1.34,ICMP-PoD PACKET,1472
2024-10-18 16:28:51,175.217.193.31,192.168.1.34,ICMP-PoD PACKET,1472
2024-10-18 16:28:51,128.5.62.57,192.168.1.34,ICMP-PoD PACKET,1472
2024-10-18 16:28:51,20.121.49.190,192.168.1.34,ICMP-PoD PACKET,1472
2024-10-18 16:28:51,114.114.57.230,192.168.1.34,ICMP-PoD PACKET,1472
2024-10-18 16:28:51,31.99.118.11,192.168.1.34,ICMP-PoD PACKET,1472
2024-10-18 16:28:51,82.40.218.243,192.168.1.34,ICMP-PoD PACKET,1472
2024-10-18 16:28:51,144.148.43.81,192.168.1.34,ICMP-PoD PACKET,1472
2024-10-18 16:28:51,163.6.142.181,192.168.1.34,ICMP-PoD PACKET,1472
2024-10-18 16:28:51,63.252.118.180,192.168.1.34,ICMP-PoD PACKET,1472
2024-10-18 16:28:52,172.99.12.15,192.168.1.34,ICMP-PoD PACKET,1472
2024-10-18 16:28:52,189.132.119.215,192.168.1.34,ICMP-PoD PACKET,1472
2024-10-18 16:28:52,12.196.138.194,192.168.1.34,ICMP-PoD PACKET,1472
2024-10-18 16:28:52,218.31.13.76,192.168.1.34,ICMP-PoD PACKET,1472
2024-10-18 16:28:52,29.197.88.227,192.168.1.34,ICMP-PoD PACKET,1472
2024-10-18 16:28:52,41.3.64.246,192.168.1.34,ICMP-PoD PACKET,1472
2024-10-18 16:28:52,175.203.233.37,192.168.1.34,ICMP-PoD PACKET,1472
2024-10-18 16:28:52,122.2.210.55,192.168.1.34,ICMP-PoD PACKET,1472
2024-10-18 16:28:52,96.245.190.48,192.168.1.34,ICMP-PoD PACKET,1472
2024-10-18 16:28:53,225.125.217.180,192.168.1.34,ICMP-PoD PACKET,1472
2024-10-18 16:28:53,80.35.175.188,192.168.1.34,ICMP-PoD PACKET,1472
2024-10-18 16:28:53,21.15.162.69,192.168.1.34,ICMP-PoD PACKET,1472
2024-10-18 16:28:53,49.173.38.10,192.168.1.34,ICMP-PoD PACKET,1472
2024-10-18 16:28:53,215.144.86.160,192.168.1.34,ICMP-PoD PACKET,1472
2024-10-18 16:28:53,159.198.91.64,192.168.1.34,ICMP-PoD PACKET,1472
2024-10-18 16:28:53,232.223.246.246,192.168.1.34,ICMP-PoD PACKET,1472
2024-10-18 16:28:53,187.78.228.153,192.168.1.34,ICMP-PoD PACKET,1472
2024-10-18 16:28:53,20.73.62.81,192.168.1.34,ICMP-PoD PACKET,1472
2024-10-18 16:28:53,154.184.229.206,192.168.1.34,ICMP-PoD PACKET,1472
2024-10-18 16:28:53,187.206.25.172,192.168.1.34,ICMP-PoD PACKET,1472
